road_team,games,raw_avg_get_in_price,log_effect_centered,estimated_pct_premium_vs_avg_road_team,estimated_dollar_premium_vs_avg_road_team,model_p_value_vs_base_category,robust_standard_error_vs_base_category
Los Angeles Dodgers,53,63.716981132075475,0.6925116097990871,99.87292623429096,26.965690083258558,2.2436078813133588e-48,0.0612447638887969
New York Yankees,53,62.867924528301884,0.5799089097111283,78.58757474030294,21.218645179881797,2.7599013522139498e-55,0.049962848157483225
Chicago Cubs,56,39.42857142857143,0.3213874449902929,37.903977945475766,10.234074045278456,1.8637031653042496e-19,0.0580851521567146
Boston Red Sox,54,41.01851851851852,0.23366471024497143,26.322087617656848,7.106963656767348,1.3356827719202823e-22,0.04459533129779375
New York Mets,52,38.90384615384615,0.18986969708251594,20.909203917209837,5.645485057646656,2.4902915082518564e-12,0.05603617235402838
Philadelphia Phillies,56,30.821428571428573,0.11353042184814133,12.02259677182813,3.2461011283935957,9.31425231366902e-11,0.048802870893147415
San Francisco Giants,53,36.43396226415094,0.05916035583372231,6.094535587739268,1.6455246086896025,5.908032324292194e-08,0.04828117365567597
Atlanta Braves,53,32.81132075471698,0.056014786718779686,5.761332225176359,1.555559700797617,4.009421461964676e-06,0.05608757598130047
Toronto Blue Jays,55,41.09090909090909,0.04374377438387719,4.471463794015971,1.207295224384312,2.3113650389617117e-07,0.04762663125165435
San Diego Padres,58,35.706896551724135,-0.005634815018086187,-0.5618969224617525,-0.15171216906467316,1.3070543676181137e-06,0.04070620543468586
St. Louis Cardinals,55,35.81818181818182,-0.023360457467980517,-2.308971430714863,-0.623422286293013,0.0019065038163089808,0.05773651788272332
Chicago White Sox,53,33.867924528301884,-0.02556484545333018,-2.5240831783852347,-0.6815024581640133,0.000668709227028153,0.052036789610750527
Houston Astros,52,27.076923076923077,-0.043123593686801104,-4.220699441735834,-1.1395888492686754,0.00029137007058365047,0.044019285226013206
Minnesota Twins,56,27.857142857142858,-0.059127307998553896,-5.741323731585083,-1.5501574075279723,0.005037913540033015,0.05115587383321322
Texas Rangers,50,28.68,-0.06288924960213113,-6.095253218899042,-1.6457183691027413,0.001456315842487005,0.043889036850240135
Baltimore Orioles,55,32.163636363636364,-0.08898677871053778,-8.514233090744755,-2.2988429345010837,0.01821036273256837,0.048114026619202645
Detroit Tigers,52,28.596153846153847,-0.09703707345246834,-9.247763947749977,-2.4968962658924934,0.03689647251925371,0.05058296025944828
Seattle Mariners,55,30.418181818181818,-0.10607353434384395,-10.064148809373956,-2.717320178530968,0.054510604678742976,0.050201623936216196
Pittsburgh Pirates,54,30.814814814814813,-0.11428283964945657,-10.799437435887763,-2.915848107689696,0.048320902950016086,0.044727589660812
Cleveland Guardians,51,22.274509803921568,-0.11453149110739073,-10.821614528520406,-2.92183592270051,0.07100031360589448,0.04877804071531205
Milwaukee Brewers,59,29.338983050847457,-0.11608526079504822,-10.960069609151676,-2.9592187944709525,0.10606310035048579,0.05353097552735787
Washington Nationals,51,31.098039215686274,-0.11968021210904246,-11.279589151195637,-3.0454890708228217,0.07717647038886434,0.046918126721850285
Los Angeles Angels,55,31.745454545454546,-0.12383911696169207,-11.647802685143912,-3.144906724988856,0.09611907055908468,0.04733263350698222
Kansas City Royals,57,26.736842105263158,-0.12967420541768301,-12.161844373877537,-3.283697980946935,0.1162626539922936,0.04642955338733222
Cincinnati Reds,54,28.48148148148148,-0.13407892622641196,-12.54789607661307,-3.3879319406855286,0.18831662928525394,0.0520837690544259
Colorado Rockies,51,31.529411764705884,-0.14816201654093436,-13.77086018454707,-3.718132249827709,0.28091090866637847,0.05048527843759386
Tampa Bay Rays,54,30.537037037037038,-0.16717072255145593,-15.394484168845482,-4.15651072558828,0.47981542954773515,0.050139189219063254
Miami Marlins,59,24.491525423728813,-0.19827165423694446,-17.98529735413593,-4.8560302856167015,0.9310952707030882,0.05004680574324248
Arizona Diamondbacks,56,29.071428571428573,-0.20259904618098667,-18.33944030732794,-4.951648882978543,,
Athletics,50,25.16,-0.2096185631017362,-18.91065083141347,-5.105875724481637,0.8859785261547339,0.048952440321044316
